casilla_id,distrito_fed_17,distrito_fed_12,distrito_loc_17,distrito_loc_12,are,seccion,casilla,tipo_seccion,pri_pvem,pan_na,prd,pt,mc,otros,total,ln,tamano_md,tamano_gd,region,casilla_ex,rural,ln_total
2531,2,2,9,9,2-3,143,B-C,U,184,253,20,13,6,18,494,735,1,0,2,0,0,735
1863,3,3,7,7,3-47,1359,B-C,U,124,170,8,7,2,8,319,494,0,0,1,0,0,494
3571,15,9,11,12,9-38,971,B-C,U,111,143,12,1,1,10,278,447,0,0,1,0,0,447
555,1,2,2,2,2-90,2780,B-C,M,199,155,66,5,0,19,444,575,1,0,2,0,0,575
569,1,2,2,2,2-89,2789,B-C,R,64,71,3,2,0,4,144,140,0,0,2,0,1,140
5867,13,13,19,19,13-89,2875,B-C,R,38,174,56,7,7,14,296,451,1,0,2,0,1,451
1992,6,6,7,7,6-56,1516,B-C,U,131,213,11,2,1,5,363,462,0,0,1,0,0,462
5246,2,2,17,17,2-65,645,B-C,U,82,295,36,4,1,23,441,742,1,0,2,0,0,742
3401,15,9,12,11,9-51,1101,B-C,U,165,92,8,5,6,7,283,532,1,0,1,0,0,532
4657,8,8,17,15,8-17,2928,B-C,M,97,167,10,7,2,4,287,466,0,0,2,0,0,466
3121,9,7,13,10,7-65,2665,B-C,U,128,130,7,6,2,9,282,544,1,0,1,0,0,544
1533,5,6,6,5,6-79,1845,B-C,U,197,149,6,3,3,5,363,553,1,0,1,0,0,553
205,4,1,1,1,1-95,2398,B-C,R,127,119,5,2,7,14,274,520,1,0,1,0,1,520
1675,11,6,6,6,6-54,1557,B-C,U,182,192,5,1,3,9,392,598,1,0,1,0,0,598
3056,7,7,10,10,7-44,2477,B-C,U,133,269,6,4,0,8,420,702,0,1,1,0,0,702
1525,5,5,5,5,5-69,1841,B-C,U,198,170,4,6,2,11,391,673,1,0,1,0,0,673
828,5,5,5,3,5-56,1747,B-C,U,173,152,6,3,6,26,366,603,1,0,1,0,0,603
2322,4,4,8,8,4-69,880,B-C,R,92,166,14,3,0,0,275,480,0,0,1,0,1,480
638,3,5,3,3,5-14,1282,B-C,U,204,278,14,2,0,10,508,706,0,1,1,0,0,706
285,4,1,1,1,1-91,2443,B-C,R,145,120,17,0,0,23,305,526,0,0,1,0,1,526
2982,7,7,10,10,7-32,2447,B-C,U,156,290,6,2,0,3,457,656,1,0,1,0,0,656
4045,8,8,14,13,8-103,2236,B-C,R,114,179,16,2,5,15,331,604,1,0,2,0,1,604
881,5,5,5,3,5-62,1771,B-C,U,130,192,5,2,2,8,339,532,1,0,1,0,0,532
6524,14,14,22,22,14-14,85,B-C,U,87,183,54,7,4,28,363,689,1,0,2,0,0,689
5281,14,10,15,17,10-53,2754,B-C,R,51,103,11,1,1,16,183,422,0,0,2,0,1,422
5703,13,13,19,19,13-52,1196,B-C,M,142,201,14,1,4,11,373,582,1,0,2,0,0,582
785,5,5,7,3,5-36,1728,B-C,U,208,217,5,4,1,18,453,610,0,0,1,0,0,610
1519,5,5,5,5,5-70,1838,B-C,U,174,173,5,1,0,7,360,574,1,0,1,0,0,574
53,1,4,1,1,4-21,793,B-C,M,133,194,12,8,1,7,355,606,1,0,1,0,0,606
1114,3,3,7,4,3-34,1341,B-C,U,200,243,7,2,2,10,464,710,1,0,1,0,0,710
2104,11,6,21,7,6-26,1642,B-C,U,193,193,7,4,3,7,407,708,0,1,1,0,0,708
4564,2,12,16,15,12-64,514,B-C,M,161,223,26,7,5,15,437,687,1,0,2,0,0,687
5343,7,11,10,18,11-100,582,B-C,R,159,136,5,3,0,9,312,517,1,0,1,0,1,517
4549,2,12,16,15,12-58,498,B-C,R,191,169,21,13,0,18,412,614,1,0,2,0,1,614
3658,15,9,12,12,9-74,1047,B-C,U,143,136,7,1,2,10,299,456,0,0,1,0,0,456
5378,7,11,10,18,11-93,608,B-C,R,53,22,3,2,0,8,88,190,0,0,1,0,1,190
4875,12,12,15,16,12-13,493,B-C,U,108,261,14,4,1,11,399,613,0,0,2,0,0,613
2094,11,6,21,7,6-32,1641,B-C,U,226,149,6,7,0,6,394,709,1,0,1,0,0,709
3608,15,9,12,12,9-60,996,B-C,U,121,183,5,2,0,12,323,508,0,0,1,0,0,508
4859,12,12,15,16,12-14,471,B-C,U,180,208,43,6,14,16,467,738,1,0,2,0,0,738
4303,8,8,17,14,8-29,2624,B-C,U,105,228,9,2,4,11,359,553,1,0,2,0,0,553
963,3,3,4,4,3-13,1285,B-C,U,199,258,20,3,1,7,488,737,0,1,1,0,0,737
5359,7,11,10,18,11-104,595,B-C,R,82,63,30,6,0,6,187,285,0,0,1,0,1,285
1158,6,3,4,4,3-29,1367,B-C,U,170,199,11,2,4,5,391,576,1,0,1,0,0,576
2033,11,6,21,7,6-39,1619,B-C,U,143,180,16,5,4,7,355,498,0,0,1,0,0,498
46,1,4,1,1,4-21,788,B-C,R,169,236,12,1,0,33,451,727,0,0,1,0,1,727
1913,6,3,7,7,3-52,1394,B-C,U,172,285,13,6,6,20,502,667,1,0,1,0,0,667
4586,12,13,15,15,13-15,534,B-C,R,54,171,4,3,1,5,238,381,0,0,2,0,1,381
3937,8,8,14,13,8-69,2143,B-C,U,113,162,9,7,1,8,300,431,0,0,2,0,0,431
1645,6,6,6,6,6-61,1539,B-C,U,163,170,23,2,1,9,368,577,1,0,1,0,0,577
5803,13,13,19,19,13-73,2850,E,R,24,51,27,2,1,13,118,309,1,0,2,1,1,309
2008,11,6,21,7,6-40,1562,B-C,U,195,213,9,5,1,8,431,610,1,0,1,0,0,610
6236,10,13,19,21,13-31,687,B-C,U,104,142,16,11,0,20,293,530,1,0,2,0,0,530
5112,14,14,9,17,14-63,305,B-C,R,181,163,20,3,4,12,383,699,1,0,2,0,1,699
208,4,1,1,1,1-68,2399,B-C,U,106,187,11,1,0,12,317,575,1,0,1,0,0,575
4228,8,8,14,14,8-44,2214,B-C,R,97,220,6,2,4,15,344,502,0,0,2,0,1,502
4834,12,12,15,16,12-12,456,B-C,U,169,274,32,9,11,9,504,711,1,0,2,0,0,711
6276,10,13,19,21,13-38,703,B-C,R,70,133,11,2,1,11,228,452,0,0,2,0,1,452
563,1,2,2,2,2-91,2785,B-C,R,119,185,83,2,1,12,402,550,1,0,2,0,1,550
4431,12,12,15,15,12-49,386,B-C,U,111,175,25,3,3,10,327,479,0,0,2,0,0,479
5175,2,2,17,17,2-56,612,B-C,M,88,224,20,2,2,17,353,630,1,0,2,0,0,630
5702,13,13,19,19,13-52,1196,B-C,M,126,210,10,4,3,17,370,582,1,0,2,0,0,582
4477,12,12,15,15,12-55,435,B-C,U,132,186,12,3,1,16,350,519,1,0,2,0,0,519
1671,11,6,6,6,6-58,1555,B-C,U,182,164,4,3,0,7,360,559,1,0,1,0,0,559
2622,2,2,9,9,2-33,179,B-C,R,67,139,6,5,1,16,234,447,0,0,2,0,1,447
3732,9,4,11,12,4-99,1120,B-C,M,135,163,5,2,0,10,315,739,1,0,1,0,0,739
4266,8,8,17,14,8-26,2609,B-C,U,91,212,10,1,2,9,325,539,1,0,2,0,0,539
3531,9,9,11,12,9-31,948,B-C,U,170,288,10,0,3,8,479,641,1,0,1,0,0,641
2805,1,4,8,9,4-36,811,B-C,R,117,147,5,1,2,21,293,524,1,0,1,0,1,524
1489,5,5,5,5,5-77,1823,B-C,U,179,207,3,1,2,9,401,650,1,0,1,0,0,650
2343,4,4,8,8,4-75,894,B-C,R,107,89,22,8,1,7,234,480,0,0,1,0,1,480
4243,8,8,14,14,8-47,2223,B-C,R,131,189,17,10,2,29,378,662,1,0,2,0,1,662
2834,7,7,10,10,7-1,2036,B-C,U,101,262,1,4,2,13,383,666,0,1,1,0,0,666
3843,13,11,18,13,11-78,17,B-C,M,131,134,77,8,1,35,386,659,1,0,1,0,0,659
6122,10,10,20,20,10-88,2973,B-C,R,64,97,6,4,1,11,183,404,0,0,2,0,1,404
5259,2,2,17,17,2-61,651,B-C,M,68,223,8,1,0,13,313,480,0,0,2,0,0,480
612,1,1,2,2,1-13,2943,E,R,136,104,3,3,1,9,256,368,0,0,2,1,1,368
2151,11,6,21,7,6-22,1647,B-C,U,182,166,9,0,2,13,372,737,0,1,1,0,0,737
2769,1,4,8,9,4-9,774,B-C,U,154,182,15,5,1,19,376,616,1,0,1,0,0,616
607,1,1,2,2,1-9,2940,E,R,102,184,3,0,0,8,297,398,0,0,2,1,1,398
6742,14,14,22,22,14-103,2741,B-C,R,172,137,10,0,0,4,323,504,1,0,2,0,1,504
6708,14,14,22,22,14-94,1247,B-C,R,136,114,52,1,1,23,327,609,0,0,2,0,1,609
1914,6,3,7,7,3-52,1394,B-C,U,159,288,18,1,5,11,482,666,1,0,1,0,0,666
2873,7,7,10,10,7-10,2046,B-C,R,84,224,2,0,0,12,322,606,1,0,1,0,1,606
750,3,5,7,3,5-26,1710,B-C,U,164,166,7,7,4,8,356,499,0,0,1,0,0,499
6088,10,10,20,20,10-80,2957,B-C,U,151,220,28,39,6,18,462,704,0,0,2,0,0,704
1378,5,5,5,5,5-50,1494,B-C,M,190,159,3,0,1,13,366,683,0,1,1,0,0,683
2567,2,2,9,9,2-13,157,B-C,U,214,177,16,5,5,18,435,686,1,0,2,0,0,686
4780,12,12,16,16,12-20,400,B-C,U,187,209,12,4,0,14,426,521,1,0,2,0,0,521
6372,10,10,20,21,10-29,2302,B-C,R,94,127,8,5,0,17,251,386,0,0,2,0,1,386
3711,15,9,12,12,9-26,1110,B-C,U,170,279,14,5,0,7,475,723,0,1,1,0,0,723
3530,9,4,11,12,4-89,945,B-C,U,102,180,13,5,2,4,306,420,0,0,1,0,0,420
5769,13,13,19,19,13-65,2839,B-C,U,39,166,60,0,2,14,281,509,1,0,2,0,0,509
3075,7,7,10,10,7-47,2482,B-C,M,143,163,1,1,0,12,320,567,1,0,1,0,0,567
736,3,5,3,3,5-17,1702,B-C,U,257,253,5,1,0,20,536,714,1,0,1,0,0,714
4838,12,12,15,16,12-17,458,B-C,U,181,155,19,6,4,44,409,694,0,0,2,0,0,694
5304,14,10,15,17,10-58,2769,B-C,U,95,139,8,1,2,11,256,463,0,0,2,0,0,463
6030,10,10,20,20,10-68,2799,B-C,U,136,172,11,7,0,9,335,598,1,0,2,0,0,598
690,3,5,3,3,5-8,1683,B-C,U,122,168,7,2,2,9,310,449,0,0,1,0,0,449
3368,15,9,12,11,9-69,1088,B-C,U,115,126,2,2,2,6,253,477,0,0,1,0,0,477
444,1,1,2,2,1-46,2555,B-C,U,227,203,21,3,2,16,472,746,0,0,2,0,0,746
4884,2,12,16,16,12-65,499,B-C,R,153,155,3,3,0,9,323,546,1,0,2,0,1,546
2158,11,6,6,7,6-6,1653,B-C,R,128,193,9,8,0,9,347,724,1,0,1,0,1,724
5429,7,11,18,18,11-41,1916,B-C,U,110,172,6,2,1,9,300,588,1,0,1,0,0,588
5180,2,2,17,17,2-54,613,S,U,37,57,7,0,2,3,106,0,1,0,2,0,0,106
2468,9,7,13,8,7-74,2688,B-C,R,316,55,5,3,0,17,396,630,1,0,1,0,1,630
2137,11,6,6,7,6-19,1646,B-C,U,171,155,5,3,0,11,345,643,1,0,1,0,0,643
2383,4,4,8,8,4-85,910,B-C,R,101,137,9,4,0,6,257,480,1,0,1,0,1,480
3533,9,9,11,12,9-37,949,B-C,U,129,244,7,2,0,0,382,522,1,0,1,0,0,522
668,3,5,3,3,5-5,1677,B-C,U,204,151,1,3,2,12,373,662,1,0,1,0,0,662
3065,7,7,10,10,7-43,2479,B-C,U,130,206,8,1,1,5,351,589,1,0,1,0,0,589
6067,10,10,20,20,10-75,2813,B-C,R,154,132,27,5,1,12,331,691,1,0,2,0,1,691
4945,12,12,15,16,12-79,543,B-C,U,139,173,6,4,0,10,332,590,1,0,2,0,0,590
4267,8,8,17,14,8-26,2609,B-C,U,75,215,10,6,0,14,320,539,1,0,2,0,0,539
4273,8,8,17,14,8-35,2611,B-C,U,117,159,8,8,0,12,304,417,0,0,2,0,0,417
5118,14,14,9,17,14-65,309,B-C,R,113,130,16,2,3,8,272,678,1,0,2,0,1,678
317,1,2,2,2,2-95,748,B-C,R,163,211,9,2,13,17,415,584,1,0,2,0,1,584
2620,2,2,9,9,2-34,178,B-C,R,79,154,9,0,0,15,257,453,0,0,2,0,1,453
2372,4,4,8,8,4-78,905,E,R,122,140,37,12,1,18,330,625,1,0,1,1,1,625
3323,15,9,12,11,9-73,1055,B-C,U,123,143,6,1,1,13,287,435,0,0,1,0,0,435
2604,2,2,9,9,2-11,172,S,U,82,97,16,2,1,4,202,0,1,0,2,0,0,202
3919,13,8,18,13,8-3,2029,B-C,R,77,376,20,9,9,19,510,704,1,0,1,0,1,704
1969,6,3,21,7,3-63,1437,B-C,U,190,268,18,2,3,11,492,658,1,0,1,0,0,658
3030,7,7,10,10,7-41,2470,B-C,U,121,233,1,2,0,8,365,604,1,0,1,0,0,604
2979,7,7,10,10,7-58,2446,B-C,R,64,153,8,5,0,14,244,407,0,0,1,0,1,407
1618,5,6,7,6,6-64,1463,B-C,U,210,218,17,8,4,0,457,695,0,0,1,0,0,695
1193,3,3,3,4,3-71,1472,E,R,24,83,0,2,0,3,112,99,0,0,1,1,1,99
793,5,5,5,3,5-37,1731,B-C,U,175,150,9,2,1,12,349,538,1,0,1,0,0,538
3938,8,8,14,13,8-72,2150,B-C,U,202,306,12,5,6,5,536,480,0,0,2,0,0,480
1313,5,5,7,5,5-32,1458,B-C,U,134,92,8,3,0,4,241,356,0,0,1,0,0,356
3646,15,9,12,12,9-63,1032,B-C,U,172,249,15,3,4,16,459,708,0,0,1,0,0,708
5943,10,10,20,20,10-7,1874,B-C,U,58,203,22,6,4,11,304,479,0,0,2,0,0,479
2546,2,2,9,9,2-5,148,B-C,U,137,126,16,2,2,12,295,422,0,0,2,0,0,422
2883,7,7,10,10,7-11,2050,B-C,R,204,209,0,0,0,5,418,567,1,0,1,0,1,567
3163,9,7,13,10,7-87,2710,B-C,R,137,149,13,1,3,7,310,700,1,0,1,0,1,700
171,4,1,1,1,1-86,2382,B-C,U,165,99,18,0,1,11,294,506,1,0,1,0,0,506
1714,11,6,21,6,6-48,1589,B-C,U,191,213,16,2,1,18,441,715,1,0,1,0,0,715
4397,12,12,16,15,12-45,366,B-C,U,196,204,31,9,1,17,458,742,1,0,2,0,0,742
3971,8,8,14,13,8-71,2180,B-C,U,138,156,20,15,5,2,336,553,1,0,2,0,0,553
3273,15,9,11,11,9-44,1008,B-C,U,122,160,6,5,4,8,305,518,1,0,1,0,0,518
6065,10,10,20,20,10-76,2812,E,R,76,37,2,2,0,0,117,233,0,0,2,1,1,233
3073,7,7,10,10,7-47,2482,B-C,M,166,165,4,3,0,15,353,568,1,0,1,0,0,568
6389,10,10,20,21,10-33,2312,B-C,U,106,184,14,5,2,7,318,501,1,0,2,0,0,501
4961,12,13,15,16,13-17,552,B-C,U,105,160,4,6,0,11,286,546,1,0,2,0,0,546
4368,12,12,16,15,12-41,347,B-C,NA,147,241,30,3,5,5,431,720,0,1,2,0,0,720
2175,11,6,6,7,6-8,1664,B-C,R,226,225,7,3,2,12,475,728,1,0,1,0,1,728
3453,9,9,11,11,9-9,1150,B-C,U,164,228,5,2,0,8,407,570,1,0,1,0,0,570
4016,8,8,14,13,8-98,2193,S,U,56,80,14,7,3,4,164,0,0,1,2,0,0,164
4612,8,8,17,15,8-18,2908,B-C,M,136,285,20,19,2,5,467,706,1,0,2,0,0,706
820,3,5,7,3,5-27,1743,B-C,U,187,164,5,3,0,12,371,546,0,0,1,0,0,546
2382,4,4,8,8,4-85,910,B-C,R,97,181,7,2,1,8,296,481,1,0,1,0,1,481
5713,13,13,19,19,13-55,2816,B-C,U,148,464,62,7,7,15,703,708,1,0,2,0,0,708
1301,5,5,7,5,5-30,1426,B-C,U,169,125,9,7,7,7,324,503,0,0,1,0,0,503
6346,10,10,20,21,10-22,2287,B-C,U,159,265,44,6,2,22,498,749,1,0,2,0,0,749
3053,7,7,10,10,7-43,2476,B-C,U,91,186,6,1,1,7,292,529,1,0,1,0,0,529
2851,7,7,10,10,7-3,2040,B-C,U,141,147,1,0,0,2,291,413,0,0,1,0,0,413
6219,10,13,19,21,13-27,679,B-C,U,207,260,44,6,2,10,529,719,1,0,2,0,0,719
1940,6,3,4,7,3-54,1412,B-C,U,147,176,5,3,1,7,339,508,1,0,1,0,0,508
343,2,2,2,2,2-84,2511,B-C,U,135,102,53,12,1,7,310,416,0,0,2,0,0,416
3564,9,4,12,12,4-96,967,B-C,U,171,161,17,6,5,18,378,724,1,0,1,0,0,724
1359,5,5,5,5,5-51,1491,B-C,U,174,149,7,4,1,19,354,632,1,0,1,0,0,632
3200,9,9,11,11,9-28,929,B-C,U,162,146,10,2,0,23,343,634,1,0,1,0,0,634
5743,13,13,19,19,13-61,2828,B-C,U,53,149,66,0,1,16,285,507,1,0,2,0,0,507
4440,12,12,15,15,12-2,407,B-C,U,149,167,13,3,6,11,349,503,1,0,2,0,0,503
5436,7,11,18,18,11-42,1920,B-C,U,158,151,6,0,0,8,323,518,1,0,1,0,0,518
3478,15,9,12,11,9-20,1162,B-C,M,134,234,5,1,0,8,382,626,1,0,1,0,0,626
751,3,5,3,3,5-46,1711,B-C,U,195,223,10,0,2,11,441,632,1,0,1,0,0,632
6029,10,10,20,20,10-68,2799,B-C,U,144,169,16,3,1,11,344,598,1,0,2,0,0,598
3363,15,9,12,11,9-71,1085,B-C,U,153,111,11,1,0,3,279,465,0,0,1,0,0,465
3849,13,11,18,13,11-77,20,B-C,R,209,104,16,5,2,17,353,613,1,0,1,0,1,613
5849,13,13,19,19,13-84,2869,B-C,R,45,119,79,3,1,15,262,409,1,0,2,0,1,409
2364,4,4,8,8,4-81,902,B-C,U,144,152,21,9,0,17,343,648,1,0,1,0,0,648
2517,9,7,13,8,7-97,2722,B-C,R,116,137,3,4,2,7,269,466,0,0,1,0,1,466
1304,6,6,7,5,6-62,1444,B-C,U,121,128,10,7,0,5,271,381,0,0,1,0,0,381
4234,8,8,14,14,8-42,2218,B-C,M,89,183,10,9,4,6,301,633,1,0,2,0,0,633
804,5,5,7,3,5-36,1736,B-C,U,142,121,9,5,0,7,284,416,0,0,1,0,0,416
5948,10,10,20,20,10-4,1876,B-C,U,80,162,19,0,5,15,281,414,0,0,2,0,0,414
1613,5,5,5,5,5-81,3028,B-C,U,171,97,3,1,0,1,273,491,0,0,1,0,0,491
1566,5,5,5,5,5-79,3006,B-C,U,189,164,13,0,0,8,374,591,1,0,1,0,0,591
4694,12,12,16,16,12-27,339,B-C,U,152,219,28,5,3,16,423,647,1,0,2,0,0,647
4644,8,8,17,15,8-5,2922,B-C,R,86,322,20,6,2,11,447,697,1,0,2,0,1,697
2903,13,7,13,10,7-17,2061,B-C,U,144,117,45,1,4,10,321,503,1,0,1,0,0,503
5420,7,11,18,18,11-42,1912,B-C,M,204,185,4,4,1,33,431,739,1,0,1,0,0,739
6428,10,10,20,21,10-40,2332,B-C,U,95,161,14,2,4,11,287,533,1,0,2,0,0,533
573,1,1,2,2,1-21,2892,B-C,M,112,238,59,1,0,13,423,564,1,0,2,0,0,564
5600,7,11,18,18,11-17,2007,B-C,R,81,110,5,1,0,3,200,544,1,0,1,0,1,544
3396,15,9,11,11,9-49,1099,B-C,U,185,189,16,7,0,9,406,684,0,1,1,0,0,684
300,1,2,2,2,2-93,740,B-C,U,186,244,30,2,24,15,501,690,1,0,2,0,0,690
1578,5,5,5,5,5-80,3012,B-C,U,136,151,2,2,1,7,299,518,1,0,1,0,0,518
2917,13,7,13,10,7-16,2066,B-C,U,108,158,51,5,0,11,333,546,1,0,1,0,0,546
3852,13,11,18,13,11-75,21,B-C,R,110,178,22,1,3,18,332,544,1,0,1,0,1,544
4274,8,8,17,14,8-21,2612,B-C,U,119,272,6,3,3,6,409,635,1,0,2,0,0,635
5756,13,13,19,19,13-63,2833,S,U,83,174,29,11,3,5,305,0,1,0,2,0,0,305
634,3,5,3,3,5-15,1281,B-C,U,196,215,7,7,2,9,436,595,1,0,1,0,0,595
1266,3,3,4,4,3-85,1500,B-C,NA,169,154,7,0,3,18,351,721,0,1,1,0,0,721
4140,8,8,14,14,8-75,2128,B-C,U,201,263,25,32,2,13,536,689,0,0,2,0,0,689
1973,6,3,7,7,3-62,1439,B-C,U,160,229,9,2,2,12,414,533,1,0,1,0,0,533
4044,8,8,14,13,8-103,2235,B-C,R,84,205,16,2,0,8,315,573,0,0,2,0,1,573
5619,7,11,18,18,11-24,2017,B-C,R,120,80,6,2,2,14,224,523,1,0,1,0,1,523
228,4,1,1,1,1-74,2409,B-C,M,128,118,7,1,1,10,265,550,1,0,1,0,0,550
6045,10,10,20,20,10-69,2806,B-C,U,140,186,7,1,1,10,345,537,1,0,2,0,0,537
5639,13,11,18,19,11-54,917,B-C,U,160,122,48,13,1,17,361,563,1,0,1,0,0,563
6271,10,13,19,21,13-27,700,B-C,M,93,122,16,1,1,9,242,401,0,0,2,0,0,401
371,2,2,2,2,2-71,2524,B-C,M,174,233,23,4,12,14,460,713,1,0,2,0,0,713
2915,13,7,13,10,7-16,2066,B-C,U,112,158,50,2,1,14,337,547,1,0,1,0,0,547
4897,2,12,16,16,12-69,504,B-C,U,151,238,8,4,0,13,414,650,1,0,2,0,0,650
1388,5,6,6,5,6-87,1502,B-C,U,197,134,2,1,2,12,348,656,1,0,1,0,0,656
132,4,1,1,1,1-60,2360,B-C,R,111,194,10,5,2,14,336,597,1,0,1,0,1,597
2000,6,6,21,7,6-42,1532,B-C,U,184,263,15,2,2,12,478,714,1,0,1,0,0,714
731,3,5,3,3,5-24,1700,B-C,U,249,234,19,5,1,16,524,730,1,0,1,0,0,730
5176,2,2,17,17,2-56,612,B-C,M,101,191,15,2,7,24,340,630,1,0,2,0,0,630
704,3,5,3,3,5-9,1689,B-C,U,178,225,12,3,4,7,429,613,1,0,1,0,0,613
814,5,5,5,3,5-55,1741,B-C,U,169,151,3,2,1,3,329,650,1,0,1,0,0,650
6249,10,13,19,21,13-33,691,B-C,U,92,161,21,3,1,12,290,574,1,0,2,0,0,574
6613,14,14,22,22,14-33,135,B-C,R,72,106,36,2,1,16,233,376,0,0,2,0,1,376
1406,5,5,5,5,5-62,1783,B-C,U,127,155,4,2,2,8,298,469,0,0,1,0,0,469
3948,8,8,14,13,8-71,2166,B-C,U,139,153,22,15,7,39,375,651,1,0,2,0,0,651
4101,8,8,14,14,8-65,2109,B-C,M,175,149,23,12,5,8,372,524,1,0,2,0,0,524
1107,3,3,7,4,3-32,1338,B-C,U,90,119,9,4,1,2,225,407,0,0,1,0,0,407
4380,12,12,16,15,12-35,348,B-C,U,120,179,21,9,0,18,347,612,1,0,2,0,0,612
58,1,4,1,1,4-24,796,B-C,R,178,122,7,4,1,14,326,568,1,0,1,0,1,568
3476,15,9,11,11,9-12,1161,B-C,R,88,240,28,2,1,17,376,750,1,0,1,0,1,750
4718,12,12,16,16,12-22,343,B-C,U,189,213,25,11,5,4,447,745,0,1,2,0,0,745
3124,9,7,13,10,7-66,2675,B-C,U,130,156,20,2,4,13,325,508,1,0,1,0,0,508
4848,12,12,15,16,12-10,463,B-C,U,171,207,20,6,5,16,425,618,0,0,2,0,0,618
5989,10,10,20,20,10-47,2647,B-C,U,147,177,2,2,2,7,337,444,0,0,2,0,0,444
2806,1,4,8,9,4-36,811,B-C,R,123,137,4,3,2,32,301,524,1,0,1,0,1,524
4752,12,12,16,16,12-30,372,B-C,U,136,177,26,7,4,11,361,558,1,0,2,0,0,558
911,3,3,3,4,3-1,1266,B-C,U,187,204,6,3,1,12,413,745,1,0,1,0,0,745
491,1,1,2,2,1-41,2582,B-C,R,101,145,8,1,2,26,283,644,1,0,2,0,1,644
1383,5,6,6,5,6-86,1501,B-C,U,194,142,6,3,1,13,359,722,1,0,1,0,0,722
1787,11,6,21,6,6-47,1616,B-C,U,145,153,17,5,0,10,330,470,0,0,1,0,0,470
885,5,5,5,3,5-65,1773,B-C,U,213,177,10,3,0,13,416,730,1,0,1,0,0,730
6723,14,14,22,22,14-97,1258,B-C,R,226,135,37,1,2,12,413,737,0,0,2,0,1,737
3806,13,11,18,13,11-62,2,B-C,U,129,300,5,1,1,12,448,616,1,0,1,0,0,616
5661,13,11,18,19,11-53,927,B-C,R,97,165,41,42,0,22,367,622,1,0,1,0,1,622
6182,10,13,19,21,13-20,663,B-C,U,114,141,30,4,2,7,298,413,0,0,2,0,0,413
6113,10,10,20,20,10-84,2968,B-C,R,320,152,5,5,1,9,492,676,0,0,2,0,1,676
2790,1,4,1,9,4-29,804,B-C,R,98,139,4,4,2,14,261,472,1,0,1,0,1,472
3911,13,8,18,13,8-1,2026,B-C,M,151,268,21,3,16,13,472,650,1,0,1,0,0,650
3254,15,9,11,11,9-35,974,B-C,U,149,130,6,2,3,17,307,538,1,0,1,0,0,538
2730,1,4,1,9,4-7,760,B-C,U,203,200,10,4,5,11,433,716,1,0,1,0,0,716
1293,6,3,4,4,3-89,1512,B-C,R,211,78,3,0,1,8,301,589,1,0,1,0,1,589
3225,15,9,11,11,9-36,954,B-C,U,102,175,7,2,4,11,301,416,0,0,1,0,0,416
3993,8,8,14,13,8-94,2187,B-C,U,167,163,12,7,6,16,371,617,1,0,2,0,0,617
3663,15,9,12,12,9-78,1056,B-C,U,146,126,10,4,3,10,299,517,1,0,1,0,0,517
5209,2,2,17,17,2-52,627,B-C,R,84,180,6,3,0,16,289,674,1,0,2,0,1,674
4148,8,8,14,14,8-75,2136,B-C,U,159,157,8,12,4,9,349,549,1,0,2,0,0,549
4827,12,13,15,16,13-2,452,B-C,U,159,201,25,12,7,17,421,598,1,0,2,0,0,598
6359,10,10,20,21,10-25,2293,B-C,R,68,196,25,3,4,19,315,605,0,0,2,0,1,605
5,1,4,1,1,4-3,753,B-C,U,182,190,9,6,2,13,402,735,1,0,1,0,0,735
4297,8,8,17,14,8-36,2622,B-C,U,166,266,9,9,3,10,463,677,1,0,2,0,0,677
3215,9,9,11,11,9-30,943,B-C,U,136,264,16,5,4,21,446,603,1,0,1,0,0,603
1201,3,3,3,4,3-71,1480,B-C,R,211,149,2,3,0,14,379,551,1,0,1,0,1,551
4287,8,8,17,14,8-36,2617,B-C,U,118,297,16,6,2,21,460,701,1,0,2,0,0,701
6462,14,14,22,22,14-4,56,B-C,U,75,174,53,16,5,19,342,672,1,0,2,0,0,672
3640,15,4,12,12,4-95,1028,B-C,U,244,144,11,2,5,2,408,681,1,0,1,0,0,681
1869,6,3,7,7,3-42,1365,B-C,U,188,216,12,6,5,10,437,653,1,0,1,0,0,653
5859,13,13,19,19,13-87,2872,B-C,R,46,133,97,25,3,0,304,566,1,0,2,0,1,566
2150,11,6,21,7,6-21,1647,B-C,U,221,177,10,0,2,0,410,737,0,1,1,0,0,737
5894,13,13,19,19,13-96,2884,B-C,R,67,100,68,2,0,14,251,523,1,0,2,0,1,523
3441,9,9,11,11,9-23,1135,B-C,R,137,169,4,2,1,11,324,661,0,0,1,0,1,661
1830,11,6,6,6,6-15,1655,B-C,R,197,118,10,2,1,9,337,542,1,0,1,0,1,542
6743,14,14,22,22,14-103,2741,B-C,R,183,118,15,1,1,11,329,504,1,0,2,0,1,504
6675,14,14,22,22,14-86,1223,B-C,U,160,85,53,1,3,34,336,611,0,0,2,0,0,611
2435,9,7,13,8,7-64,2664,B-C,U,127,171,14,4,2,18,336,650,1,0,1,0,0,650
6538,14,14,22,22,14-25,92,E,R,14,100,21,2,0,12,149,321,0,0,2,1,1,321
6302,10,10,20,21,10-16,2264,B-C,U,107,172,30,8,5,17,339,566,1,0,2,0,0,566
6448,10,10,20,21,10-45,2344,B-C,R,78,103,18,10,2,6,217,510,0,0,2,0,1,510
4790,12,12,16,16,12-1,404,B-C,U,161,190,17,2,4,16,390,570,0,0,2,0,0,570
622,3,5,3,3,5-4,1267,B-C,U,166,178,6,0,3,10,363,609,1,0,1,0,0,609
4448,12,12,15,15,12-53,411,B-C,U,121,145,17,5,4,9,301,450,0,0,2,0,0,450
179,4,1,1,1,1-88,2385,B-C,U,236,112,14,1,2,0,365,615,1,0,1,0,0,615
1728,11,6,6,6,6-70,1594,B-C,U,217,198,18,1,2,17,453,678,1,0,1,0,0,678
1277,6,3,4,4,3-86,1504,B-C,M,172,111,6,0,0,17,306,634,1,0,1,0,0,634
803,5,5,7,3,5-37,1735,B-C,U,159,138,5,2,1,7,312,519,1,0,1,0,0,519
2828,7,7,10,10,7-3,2034,B-C,U,144,323,5,1,0,14,487,720,1,0,1,0,0,720
6050,10,10,20,20,10-71,2807,B-C,U,168,204,16,3,4,9,404,700,1,0,2,0,0,700
1916,6,3,7,7,3-52,1395,B-C,U,204,209,11,1,3,14,442,705,1,0,1,0,0,705
1264,3,3,4,4,3-85,1500,B-C,NA,163,165,7,13,0,15,363,721,0,1,1,0,0,721
6741,14,14,22,22,14-103,2740,B-C,R,87,182,8,0,0,0,277,564,0,0,2,0,1,564
6443,10,10,20,21,10-42,2341,B-C,R,53,148,6,0,0,7,214,425,0,0,2,0,1,425
5305,14,10,15,17,10-58,2770,B-C,U,145,233,16,10,4,10,418,713,0,0,2,0,0,713
4102,8,8,14,14,8-77,2110,B-C,U,198,236,21,22,6,12,495,674,1,0,2,0,0,674
4995,14,14,22,17,14-39,248,S,U,54,54,7,4,5,4,128,0,1,0,2,0,0,128
3011,7,7,10,10,7-36,2461,B-C,U,107,169,5,3,0,3,287,406,0,0,1,0,0,406
5443,7,11,18,18,11-44,1923,B-C,U,160,172,6,2,0,19,359,611,1,0,1,0,0,611
5908,13,13,19,19,13-93,2889,B-C,U,19,79,85,3,1,16,203,523,1,0,2,0,0,523
545,1,1,2,2,1-19,2605,B-C,R,287,157,1,0,0,8,453,661,0,0,2,0,1,661
1889,3,3,7,7,3-47,1375,B-C,U,191,213,2,2,0,18,426,687,0,0,1,0,0,687
1290,6,3,4,4,3-90,1510,B-C,R,266,112,9,4,3,9,403,715,1,0,1,0,1,715
4134,8,8,14,14,8-75,2124,B-C,U,183,244,19,22,2,18,488,640,0,0,2,0,0,640
2276,4,4,8,8,4-55,866,B-C,U,219,108,20,4,4,12,367,609,1,0,1,0,0,609
1999,6,6,21,7,6-42,1531,B-C,U,163,172,20,5,2,12,374,583,1,0,1,0,0,583
4486,12,13,15,15,13-2,448,B-C,U,116,115,13,3,4,8,259,417,0,0,2,0,0,417
3605,15,9,12,12,9-57,992,B-C,U,98,157,5,1,2,4,267,415,0,0,1,0,0,415
1788,11,6,21,6,6-47,1617,B-C,U,222,225,15,5,3,13,483,732,1,0,1,0,0,732
2901,13,7,13,10,7-19,2060,B-C,M,145,127,32,0,3,8,315,500,1,0,1,0,0,500
5050,14,14,22,17,14-49,277,B-C,R,126,161,2,4,45,22,360,747,0,0,2,0,1,747
175,4,1,1,1,1-84,2383,B-C,U,216,127,11,1,1,14,370,586,1,0,1,0,0,586
1457,5,5,7,5,5-33,1806,B-C,U,135,104,4,1,0,8,252,435,0,0,1,0,0,435
5840,13,13,19,19,13-82,2866,B-C,R,30,202,86,5,2,19,344,638,1,0,2,0,1,638
2908,13,7,13,10,7-15,2063,B-C,U,114,138,34,0,0,8,294,461,0,0,1,0,0,461
5575,7,11,18,18,11-10,1992,B-C,U,125,175,24,0,0,12,336,649,0,0,1,0,0,649
1792,11,6,6,6,6-71,1623,B-C,U,205,168,10,4,3,7,397,637,1,0,1,0,0,637
91,4,1,1,1,1-99,1901,E,R,83,125,2,0,0,3,213,285,1,0,1,1,1,285
3470,15,9,11,11,9-21,1158,B-C,R,129,186,18,6,2,17,358,739,1,0,1,0,1,739
2780,1,4,1,9,4-22,791,B-C,R,133,132,8,8,0,17,298,567,1,0,1,0,1,567
3967,8,8,14,13,8-70,2179,B-C,U,189,235,15,11,11,11,472,714,1,0,2,0,0,714
1492,5,5,6,5,5-41,1825,B-C,U,119,150,4,3,2,9,287,434,0,0,1,0,0,434
1159,6,3,4,4,3-29,1367,B-C,U,164,195,14,3,2,10,388,575,1,0,1,0,0,575
2271,4,4,8,8,4-59,863,B-C,U,128,123,17,7,3,10,288,420,0,0,1,0,0,420
1503,5,5,6,5,5-41,1830,B-C,U,123,155,1,1,1,7,288,450,0,0,1,0,0,450
3811,13,11,18,13,11-65,4,B-C,U,150,210,9,3,1,8,381,528,1,0,1,0,0,528
3558,9,4,12,12,4-91,966,B-C,U,179,188,12,3,6,11,399,663,0,1,1,0,0,663
707,3,5,3,3,5-12,1691,B-C,U,208,237,14,4,3,9,475,727,1,0,1,0,0,727
4445,12,12,15,15,12-53,410,B-C,U,118,157,21,5,5,16,322,430,0,0,2,0,0,430
6119,10,10,20,20,10-85,2972,B-C,R,116,62,0,1,0,4,183,376,0,0,2,0,1,376
3660,15,9,12,12,9-68,1049,B-C,U,132,113,11,2,4,7,269,420,0,0,1,0,0,420
6399,10,10,20,21,10-35,2318,B-C,U,50,108,23,2,6,14,203,386,0,0,2,0,0,386
6083,10,10,20,20,10-80,2955,B-C,U,124,195,12,21,3,11,366,558,1,0,2,0,0,558
5094,14,14,9,17,14-58,297,B-C,U,141,153,31,8,3,12,348,561,1,0,2,0,0,561
6344,10,10,20,21,10-22,2285,B-C,M,113,224,12,6,2,23,380,647,1,0,2,0,0,647
197,4,1,1,1,1-70,2393,B-C,R,131,155,11,1,1,5,304,440,0,0,1,0,1,440
5663,13,11,18,19,11-55,928,B-C,R,85,149,37,3,0,0,274,515,1,0,1,0,1,515
3381,15,9,12,11,9-53,1096,B-C,U,191,104,15,2,1,7,320,625,1,0,1,0,0,625
5006,14,14,22,17,14-47,252,B-C,M,89,129,6,3,136,20,383,651,1,0,2,0,0,651
4155,8,8,14,14,8-82,2140,B-C,U,116,164,14,11,5,11,321,455,0,0,2,0,0,455
2543,2,2,9,9,2-8,147,B-C,U,157,140,14,6,131,20,468,527,1,0,2,0,0,527
1138,3,3,7,4,3-35,1354,B-C,U,139,238,4,3,1,13,398,644,1,0,1,0,0,644
6670,14,14,22,22,14-86,1219,B-C,R,113,114,6,0,2,15,250,473,0,0,2,0,1,473
5780,13,13,19,19,13-68,2843,B-C,U,30,191,64,2,3,2,292,584,1,0,2,0,0,584
2212,4,4,8,8,4-46,833,B-C,U,144,69,21,7,1,11,253,386,0,0,1,0,0,386
6089,10,10,20,20,10-81,2958,B-C,U,118,204,12,38,5,29,406,676,1,0,2,0,0,676
4521,12,13,15,15,13-7,481,B-C,U,195,191,12,5,2,12,417,721,1,0,2,0,0,721
5818,13,13,19,19,13-74,2857,B-C,R,20,147,83,2,0,18,270,572,1,0,2,0,1,572
3132,9,7,13,10,7-67,2678,B-C,U,115,130,12,4,1,11,273,604,1,0,1,0,0,604
4894,2,12,16,16,12-69,503,B-C,U,112,234,3,3,3,17,372,567,1,0,2,0,0,567
4229,8,8,14,14,8-45,2215,B-C,R,151,238,13,4,3,35,444,711,0,0,2,0,1,711
509,1,1,2,2,1-53,2589,B-C,R,158,153,16,9,3,0,339,592,1,0,2,0,1,592
2763,1,4,8,9,4-8,772,B-C,U,177,135,7,8,6,13,346,644,1,0,1,0,0,644
3539,9,4,11,12,4-89,951,B-C,U,170,261,17,5,1,10,464,628,1,0,1,0,0,628
6485,14,14,22,22,14-8,67,B-C,U,78,169,34,4,1,18,304,578,1,0,2,0,0,578
5664,13,11,18,19,11-55,928,B-C,R,105,131,36,11,2,15,300,514,1,0,1,0,1,514
951,3,3,3,4,3-8,1283,B-C,U,207,283,17,1,2,5,515,736,1,0,1,0,0,736
366,2,2,2,2,2-78,2522,B-C,R,128,115,17,8,0,23,291,419,0,0,2,0,1,419
4183,8,8,14,14,8-88,2163,B-C,M,170,172,10,8,3,0,363,677,1,0,2,0,0,677
2348,4,4,8,8,4-77,896,B-C,M,202,149,18,4,1,18,392,660,1,0,1,0,0,660
4135,8,8,14,14,8-81,2125,B-C,U,119,130,15,21,1,8,294,391,0,0,2,0,0,391
6592,14,14,22,22,14-28,121,B-C,M,68,179,64,2,1,16,330,667,1,0,2,0,0,667
4318,8,8,17,14,8-19,2628,B-C,R,64,152,34,0,0,6,256,429,0,0,2,0,1,429
5534,7,11,18,18,11-5,1973,B-C,R,73,161,12,29,2,20,297,586,1,0,1,0,1,586
3093,7,7,10,10,7-50,2491,B-C,R,156,118,2,0,0,6,282,506,1,0,1,0,1,506
4695,12,12,16,16,12-27,339,B-C,U,156,200,30,9,8,13,416,647,1,0,2,0,0,647
2022,11,6,21,7,6-36,1585,B-C,U,172,234,5,1,2,5,419,679,1,0,1,0,0,679
4498,12,13,15,15,13-4,467,B-C,U,103,129,14,4,3,11,264,407,0,0,2,0,0,407
5781,13,13,19,19,13-68,2843,B-C,U,25,155,76,1,1,18,276,584,1,0,2,0,0,584
3294,15,9,12,11,9-66,1035,B-C,U,188,146,22,6,3,11,376,591,1,0,1,0,0,591
6205,10,13,19,21,13-24,673,B-C,U,106,153,19,3,2,6,289,428,0,0,2,0,0,428
2819,1,4,8,9,4-38,818,B-C,R,144,198,8,4,2,30,386,719,1,0,1,0,1,719
2803,1,4,8,9,4-34,810,B-C,R,90,203,2,2,5,12,314,484,0,0,1,0,1,484
4690,12,12,16,16,12-31,338,B-C,U,157,215,21,3,5,8,409,616,1,0,2,0,0,616
2650,2,2,9,9,2-28,196,B-C,R,66,52,4,2,0,14,138,263,0,0,2,0,1,263
6237,10,13,19,21,13-31,687,B-C,U,109,145,23,5,1,9,292,530,1,0,2,0,0,530
5741,13,13,19,19,13-60,2827,B-C,U,60,235,80,1,4,23,403,726,1,0,2,0,0,726
1921,6,3,7,7,3-51,1397,B-C,U,180,195,8,4,2,9,398,678,1,0,1,0,0,678
4435,12,12,15,15,12-2,392,B-C,U,153,176,21,8,6,12,376,611,1,0,2,0,0,611
591,1,1,2,2,1-28,2903,B-C,R,145,160,50,3,1,14,373,540,1,0,2,0,1,540
6473,14,14,22,22,14-2,61,B-C,U,122,164,22,6,1,14,329,484,0,0,2,0,0,484
2138,11,6,6,7,6-19,1646,B-C,U,320,318,2,3,1,3,647,643,1,0,1,0,0,643
637,3,5,3,3,5-14,1282,B-C,U,230,274,15,3,1,11,534,706,0,1,1,0,0,706
1879,6,3,7,7,3-44,1370,B-C,U,154,161,6,1,1,9,332,513,1,0,1,0,0,513
1748,11,6,6,6,6-75,1604,B-C,U,213,211,17,4,4,13,462,702,1,0,1,0,0,702
2926,13,7,13,10,7-18,2071,B-C,U,123,116,66,1,5,18,329,547,1,0,1,0,0,547
2578,2,2,9,9,2-12,160,B-C,U,106,129,18,4,3,11,271,437,0,0,2,0,0,437
4078,8,8,14,13,8-52,2252,B-C,R,73,170,9,0,0,0,252,621,1,0,2,0,1,621
2131,11,6,6,7,6-20,1645,B-C,U,248,152,3,3,1,12,419,744,1,0,1,0,0,744
3157,9,7,13,10,7-83,2708,B-C,R,73,24,7,0,3,4,111,205,0,0,1,0,1,205
3046,7,7,10,10,7-39,2475,B-C,U,144,286,8,3,1,9,451,701,1,0,1,0,0,701
1086,3,3,7,4,3-33,1330,B-C,U,182,240,7,2,3,11,445,744,1,0,1,0,0,744
6383,10,10,20,21,10-30,2309,B-C,U,48,141,73,9,3,20,294,633,0,0,2,0,0,633
2927,13,7,13,10,7-18,2071,B-C,U,107,147,62,4,3,0,323,547,1,0,1,0,0,547
6635,14,14,22,22,14-76,656,B-C,R,76,102,28,4,2,12,224,377,0,0,2,0,1,377
4572,12,12,16,15,12-59,527,B-C,M,149,175,13,5,1,6,349,583,1,0,2,0,0,583
5393,13,11,10,18,11-85,725,B-C,U,150,166,78,5,1,22,422,635,1,0,1,0,0,635
1005,3,3,4,4,3-21,1299,B-C,U,132,149,4,1,0,7,293,440,0,0,1,0,0,440
1597,5,5,5,5,5-84,3020,B-C,U,159,182,6,3,2,4,356,559,1,0,1,0,0,559
6603,14,14,22,22,14-31,128,B-C,R,52,153,54,18,3,29,309,607,1,0,2,0,1,607
1221,6,3,4,4,3-18,1489,B-C,U,233,159,2,1,2,8,405,696,1,0,1,0,0,696
3147,9,7,13,10,7-84,2696,B-C,R,196,125,6,1,0,18,346,625,1,0,1,0,1,625
767,3,5,7,3,5-21,1718,B-C,U,155,191,7,1,1,11,366,599,1,0,1,0,0,599
2995,7,7,10,10,7-34,2453,B-C,U,161,278,1,1,0,9,450,713,1,0,1,0,0,713
492,1,1,2,2,1-53,2583,B-C,R,84,161,16,4,3,13,281,539,1,0,2,0,1,539
3348,15,9,12,11,9-46,1077,B-C,U,193,208,7,3,2,3,416,667,1,0,1,0,0,667
1064,6,3,4,4,3-28,1322,B-C,U,200,159,10,1,3,12,385,722,0,1,1,0,0,722
4484,12,12,15,15,12-7,438,B-C,U,109,112,27,3,7,6,264,408,0,0,2,0,0,408
2659,2,2,9,9,2-38,201,B-C,R,98,130,6,6,1,8,249,481,0,0,2,0,1,481
1685,11,6,21,6,6-43,1566,B-C,U,220,232,20,0,6,17,495,690,1,0,1,0,0,690
6407,10,10,20,21,10-31,2322,B-C,U,62,195,11,5,1,19,293,712,0,0,2,0,0,712
1501,5,5,6,5,5-42,1829,B-C,U,127,208,12,1,3,14,365,548,1,0,1,0,0,548
2572,2,2,9,9,2-17,158,B-C,U,130,162,10,1,2,11,316,531,1,0,2,0,0,531
2524,2,2,9,9,2-1,141,B-C,M,142,152,13,7,5,0,319,632,1,0,2,0,0,632
639,3,5,3,3,5-14,1282,B-C,U,230,285,9,2,1,9,536,706,0,1,1,0,0,706
3607,15,9,12,12,9-60,995,B-C,U,142,106,10,4,2,3,267,445,0,0,1,0,0,445
2281,4,4,8,8,4-59,868,B-C,U,190,170,31,7,3,14,415,631,0,0,1,0,0,631
2270,4,4,8,8,4-59,863,B-C,U,146,115,17,4,2,2,286,421,0,0,1,0,0,421
5934,10,10,20,20,10-5,1870,B-C,U,111,278,30,3,2,12,436,697,1,0,2,0,0,697
4756,12,12,16,16,12-29,373,B-C,U,132,134,22,2,6,9,305,517,1,0,2,0,0,517
5330,7,11,10,18,11-97,574,B-C,U,183,178,9,12,0,11,393,635,1,0,1,0,0,635
1376,5,5,5,5,5-50,1494,B-C,M,217,149,5,2,1,5,379,683,0,1,1,0,0,683
3862,13,11,18,13,11-75,25,B-C,R,105,166,9,1,4,13,298,454,0,0,1,0,1,454
901,3,5,3,4,5-2,1263,B-C,U,160,170,1,3,0,7,341,561,1,0,1,0,0,561
5784,13,13,19,19,13-69,2844,B-C,U,37,174,94,1,3,24,333,588,1,0,2,0,0,588
316,1,2,2,2,2-95,748,B-C,R,181,199,4,0,18,20,422,584,1,0,2,0,1,584
4350,8,8,17,14,8-34,2640,B-C,R,94,167,26,5,7,16,315,529,1,0,2,0,1,529
6504,14,14,22,22,14-11,77,B-C,U,98,168,36,8,6,31,347,670,1,0,2,0,0,670
4411,12,12,16,15,12-33,371,B-C,U,157,195,19,6,6,13,396,729,1,0,2,0,0,729
6432,10,10,20,21,10-31,2334,B-C,R,112,109,13,0,0,6,240,422,0,0,2,0,1,422
336,2,2,2,2,2-74,2508,B-C,U,183,108,72,2,0,6,371,613,1,0,2,0,0,613
3188,9,7,13,10,7-91,2726,B-C,R,131,95,10,3,1,7,247,395,1,0,1,0,1,395
3935,8,8,14,13,8-68,2134,B-C,U,155,190,22,18,5,11,401,593,1,0,2,0,0,593
1368,5,5,5,5,5-52,1493,E,U,169,123,3,1,2,4,302,530,1,0,1,1,0,530
5615,7,11,18,18,11-28,2015,B-C,U,185,79,8,2,0,16,290,488,0,0,1,0,0,488
1397,5,5,7,5,5-58,1779,B-C,U,154,158,6,4,3,16,341,509,1,0,1,0,0,509
3610,15,4,12,12,4-93,997,B-C,U,178,143,15,5,1,18,360,558,1,0,1,0,0,558
22,1,4,1,1,4-4,759,B-C,U,154,252,13,8,6,10,443,709,1,0,1,0,0,709
100,4,1,1,1,1-102,1907,B-C,M,53,111,72,4,1,22,263,446,0,0,1,0,0,446
5546,7,11,18,18,11-32,1977,B-C,R,167,146,20,9,1,15,358,571,1,0,1,0,1,571
4405,12,12,15,15,12-47,368,B-C,U,131,157,28,7,6,11,340,519,1,0,2,0,0,519
5293,14,10,15,17,10-56,2763,B-C,R,162,163,13,2,0,10,350,620,1,0,2,0,1,620
2957,13,7,13,10,7-27,2093,B-C,R,109,85,54,4,2,16,270,598,0,0,1,0,1,598
